[
  {
    "name": "E. Naveen",
    "certi": "Google IT Professional Certificate",
    "place": "Telangana",
    "review": "Google's IT Support certificate allowed me to get a foot in the door for the roles I went after, thereby allowing me to convert an offer.",
    "image": "https://d3njjcbhbojbot.cloudfront.net/api/utilities/v1/imageproxy/https://images.ctfassets.net/wp1lcwdav1p1/7ggy6QrC3CRJuXoFtHEibR/76c50df66789ed3ef2e5d5857bf6144f/enaveen.png?auto=format%2Ccompress&dpr=1&w=202&h=202&q=40"
  },
  {
    "name": "Manmeet G",
    "certi": "IBM Cybersecurity Analyst",
    "place": "Gujarat",
    "review": "The most amazing thing about this (IBM Cybersecurity Analyst) program is the certified and experienced instructors.",
    "image": "https://d3njjcbhbojbot.cloudfront.net/api/utilities/v1/imageproxy/https://images.ctfassets.net/wp1lcwdav1p1/PrIvmSLiG4acl5kOHEPFF/95e4d58ea4152ecb8d5f3f24973ed8bd/manmeet.png?auto=format%2Ccompress&dpr=1&w=202&h=202&q=40"
  },
  {
    "name": "E. Naveen",
    "certi": "Google IT Professional Certificate",
    "place": "Telangana",
    "review": "Google's IT Support certificate allowed me to get a foot in the door for the roles I went after, thereby allowing me to convert an offer.",
    "image": "https://d3njjcbhbojbot.cloudfront.net/api/utilities/v1/imageproxy/https://images.ctfassets.net/wp1lcwdav1p1/7ggy6QrC3CRJuXoFtHEibR/76c50df66789ed3ef2e5d5857bf6144f/enaveen.png?auto=format%2Ccompress&dpr=1&w=202&h=202&q=40"
  },
  {
    "name": "Manmeet G",
    "certi": "IBM Cybersecurity Analyst",
    "place": "Gujarat",
    "review": "The most amazing thing about this (IBM Cybersecurity Analyst) program is the certified and experienced instructors.",
    "image": "https://d3njjcbhbojbot.cloudfront.net/api/utilities/v1/imageproxy/https://images.ctfassets.net/wp1lcwdav1p1/PrIvmSLiG4acl5kOHEPFF/95e4d58ea4152ecb8d5f3f24973ed8bd/manmeet.png?auto=format%2Ccompress&dpr=1&w=202&h=202&q=40"
  },
  {
    "name": "E. Naveen",
    "certi": "Google IT Professional Certificate",
    "place": "Telangana",
    "review": "Google's IT Support certificate allowed me to get a foot in the door for the roles I went after, thereby allowing me to convert an offer.",
    "image": "https://d3njjcbhbojbot.cloudfront.net/api/utilities/v1/imageproxy/https://images.ctfassets.net/wp1lcwdav1p1/7ggy6QrC3CRJuXoFtHEibR/76c50df66789ed3ef2e5d5857bf6144f/enaveen.png?auto=format%2Ccompress&dpr=1&w=202&h=202&q=40"
  },
  {
    "name": "Manmeet G",
    "certi": "IBM Cybersecurity Analyst",
    "place": "Gujarat",
    "review": "The most amazing thing about this (IBM Cybersecurity Analyst) program is the certified and experienced instructors.",
    "image": "https://d3njjcbhbojbot.cloudfront.net/api/utilities/v1/imageproxy/https://images.ctfassets.net/wp1lcwdav1p1/PrIvmSLiG4acl5kOHEPFF/95e4d58ea4152ecb8d5f3f24973ed8bd/manmeet.png?auto=format%2Ccompress&dpr=1&w=202&h=202&q=40"
  }
]
